pay_terminal	https://videos.pexels.com/video-files/8830802/8830802-hd_1920_1080_25fps.mp4	Kampus Production	https://www.pexels.com/video/person-scanning-a-bank-card-for-payment-8830802/
pay_phone	https://videos.pexels.com/video-files/5101679/5101679-hd_1920_1080_30fps.mp4	Gustavo Fring	https://www.pexels.com/video/person-tapping-her-smartphone-to-pay-her-bill-5101679/
cash_count	https://videos.pexels.com/video-files/10422116/10422116-hd_1920_1080_30fps.mp4	Maria Sicret	https://www.pexels.com/video/woman-counting-money-10422116/
casino	https://videos.pexels.com/video-files/9807879/9807879-hd_1920_1080_25fps.mp4	Petkevich Evgeniy	https://www.pexels.com/video/close-up-on-casino-machines-9807879/
courier	https://videos.pexels.com/video-files/6818119/6818119-hd_1920_1080_25fps.mp4	Yan Krukau	https://www.pexels.com/video/man-delivering-a-box-6818119/
cows	https://videos.pexels.com/video-files/3530245/3530245-hd_1920_1080_25fps.mp4	Rathaphon Nanthapreecha	https://www.pexels.com/video/cows-feeding-on-hays-in-a-ranch-3530245/
yacht	https://videos.pexels.com/video-files/7555069/7555069-hd_1920_1080_25fps.mp4	Zlatin Georgiev	https://www.pexels.com/video/yachts-on-the-sea-7555069/
tractor	https://videos.pexels.com/video-files/34078517/14453845_640_360_25fps.mp4	Juan Carlos Londoño Arenas	https://www.pexels.com/video/aerial-view-of-tractor-plowing-field-at-sunrise-34078517/
surprised	https://videos.pexels.com/video-files/6963495/6963495-hd_1280_720_25fps.mp4	Mikhail Nilov	https://www.pexels.com/video/man-and-woman-surprised-upon-looking-at-phone-6963495/
groceries	https://videos.pexels.com/video-files/4121625/4121625-hd_1920_1080_25fps.mp4	Jack Sparrow	https://www.pexels.com/video/a-couple-buying-groceries-4121625/
handcuffs	https://videos.pexels.com/video-files/6266657/6266657-hd_1280_720_25fps.mp4	Tima Miroshnichenko	https://www.pexels.com/video/handcuffs-under-police-lights-6266657/
handcuffs_money	https://videos.pexels.com/video-files/6266659/6266659-hd_1920_1080_25fps.mp4	Tima Miroshnichenko	https://www.pexels.com/video/handcuffs-with-money-6266659/
friends	https://videos.pexels.com/video-files/7683405/7683405-hd_1920_1080_30fps.mp4	RDNE Stock project	https://www.pexels.com/video/students-having-fun-on-campus-7683405/
hacker	https://videos.pexels.com/video-files/36036810/15283104_640_360_60fps.mp4	Nothing Ahead	https://www.pexels.com/video/hacker-in-dark-room-using-laptop-with-code-36036810/
burning	https://videos.pexels.com/video-files/8828894/8828894-hd_1920_1080_25fps.mp4	PureRaw: Camera & Film Grain	https://www.pexels.com/video/close-up-of-burning-paper-8828894/
crowd	https://videos.pexels.com/video-files/853946/853946-hd_1920_1080_25fps.mp4	Coverr	https://www.pexels.com/video/black-and-white-video-of-a-busy-street-853946/
phone_card	https://videos.pexels.com/video-files/7535095/7535095-hd_1920_1080_25fps.mp4	Mikhail Nilov	https://www.pexels.com/video/a-man-using-a-smartphone-while-holding-a-bank-card-7535095/
